
Region,Province,Url,Bank,BranchCode,Address,PostalCode
Álava,Leza,http://www.iahorro.com/oficinas/leza/caja-vital-0217.html,Caja Vital,0217,"Plaza de la Fuente, 5 de Leza.",01307
Álava,Vitoria-gazteiz,http://www.iahorro.com/oficinas/vitoria-gazteiz/la-caixa-1014.html,la Caixa,1014,"Castillo de Fontecha, 2 de Vitoria-gazteiz.",01000
Álava,Vitoria-gazteiz,http://www.iahorro.com/oficinas/vitoria-gazteiz/la-caixa-1419.html,la Caixa,1419,"C. Eduardo Dato, 4 de Vitoria-gazteiz.",01000
Álava,Vitoria-gazteiz,http://www.iahorro.com/oficinas/vitoria-gazteiz/la-caixa-1496.html,la Caixa,1496,"C. Eduardo Dato, 4 de Vitoria-gazteiz.",01000
Álava,Vitoria-gazteiz,http://www.iahorro.com/oficinas/vitoria-gazteiz/la-caixa-1558.html,la Caixa,1558,"C. Chile, 5 de Vitoria-gazteiz.",01000
Álava,Vitoria-gazteiz,http://www.iahorro.com/oficinas/vitoria-gazteiz/la-caixa-1701.html,la Caixa,1701,"C. Salvatierrabide, 22 de Vitoria-gazteiz.",01000
Álava,Vitoria-gazteiz,http://www.iahorro.com/oficinas/vitoria-gazteiz/la-caixa-1930.html,la Caixa,1930,"C. Portal de Villarreal, 33 de Vitoria-gazteiz.",01000
Álava,Vitoria-gazteiz,http://www.iahorro.com/oficinas/vitoria-gazteiz/la-caixa-2187.html,la Caixa,2187,"Plaza Santa Barbara, 6 de Vitoria-gazteiz.",01000
Álava,Vitoria-gazteiz,http://www.iahorro.com/oficinas/vitoria-gazteiz/la-caixa-2723.html,la Caixa,2723,"Avenida Gasteiz, 20 de Vitoria-gazteiz.",01000
Álava,Vitoria-gazteiz,http://www.iahorro.com/oficinas/vitoria-gazteiz/la-caixa-2949.html,la Caixa,2949,"C. Venezuela - Caracas, S/n de Vitoria-gazteiz.",01000
Álava,Vitoria-gazteiz,http://www.iahorro.com/oficinas/vitoria-gazteiz/la-caixa-3850.html,la Caixa,3850,"C. Polvorin Viejo, 5 de Vitoria-gazteiz.",01000
Álava,Vitoria-gazteiz,http://www.iahorro.com/oficinas/vitoria-gazteiz/la-caixa-3873.html,la Caixa,3873,"C. Domingo Beltran, 23-25 de Vitoria-gazteiz.",01000
Álava,Vitoria-gazteiz,http://www.iahorro.com/oficinas/vitoria-gazteiz/la-caixa-4061.html,la Caixa,4061,"C. Arana, 2 de Vitoria-gazteiz.",01000
Álava,Vitoria-gazteiz,http://www.iahorro.com/oficinas/vitoria-gazteiz/la-caixa-4994.html,la Caixa,4994,"Ricardo Buesa, 2 de Vitoria-gazteiz.",01000
Álava,Vitoria-gazteiz,http://www.iahorro.com/oficinas/vitoria-gazteiz/la-caixa-4995.html,la Caixa,4995,"Nieves Cano, 1 A de Vitoria-gazteiz.",01000
Álava,Vitoria-gazteiz,http://www.iahorro.com/oficinas/vitoria-gazteiz/la-caixa-5444.html,la Caixa,5444,"C. Duque de Wellington, 12 de Vitoria-gazteiz.",01000
Álava,Vitoria-gazteiz,http://www.iahorro.com/oficinas/vitoria-gazteiz/la-caixa-5652.html,la Caixa,5652,"Juntas Generales, 36 de Vitoria-gazteiz.",01000
Álava,Vitoria-gazteiz,http://www.iahorro.com/oficinas/vitoria-gazteiz/la-caixa-6053.html,la Caixa,6053,"Paseo Cruz Roja, 4 de Vitoria-gazteiz.",01000
Álava,Vitoria-gazteiz,http://www.iahorro.com/oficinas/vitoria-gazteiz/la-caixa-7921.html,la Caixa,7921,"C. Independencia, 34 de Vitoria-gazteiz.",01000
Álava,Vitoria-gazteiz,http://www.iahorro.com/oficinas/vitoria-gazteiz/la-caixa-8620.html,la Caixa,8620,"C. San Antonio, 2 de Vitoria-gazteiz.",01000
Álava,Vitoria-gazteiz,http://www.iahorro.com/oficinas/vitoria-gazteiz/la-caixa-8816.html,la Caixa,8816,"C. San Prudencio, 6 de Vitoria-gazteiz.",01000
Álava,Salvatierra,http://www.iahorro.com/oficinas/salvatierra/la-caixa-4708.html,la Caixa,4708,"Zumalburu, 6 de Salvatierra.",01200
Álava,Amurrio,http://www.iahorro.com/oficinas/amurrio/la-caixa-4135.html,la Caixa,4135,"C. Elexondo, 15 de Amurrio.",01470
Álava,Llodio,http://www.iahorro.com/oficinas/llodio/la-caixa-2421.html,la Caixa,2421,"Avenida Zumalakarregui, 37 de Llodio.",01400
Álava,Llodio,http://www.iahorro.com/oficinas/llodio/la-caixa-5944.html,la Caixa,5944,"Avenida Zumalacarregui, 51 de Llodio.",01400
Álava,Oyon,http://www.iahorro.com/oficinas/oyon/la-caixa-4706.html,la Caixa,4706,"Avenida Navarra, 24 de Oyon.",01320
Álava,Vitoria-gazteiz,http://www.iahorro.com/oficinas/vitoria-gazteiz/bbva-0701.html,BBVA,0701,"Plaza Carlos I, 1 de Vitoria-gazteiz.",01000
Álava,Vitoria-gazteiz,http://www.iahorro.com/oficinas/vitoria-gazteiz/bbva-0702.html,BBVA,0702,"Avenida Gazteiz, 74 de Vitoria-gazteiz.",01000
Álava,Vitoria-gazteiz,http://www.iahorro.com/oficinas/vitoria-gazteiz/bbva-0703.html,BBVA,0703,"Jesus Guridi, 1 de Vitoria-gazteiz.",01000
Álava,Vitoria-gazteiz,http://www.iahorro.com/oficinas/vitoria-gazteiz/bbva-0704.html,BBVA,0704,Venezuela Esq. Paraguay de Vitoria-gazteiz.,01000
Álava,Vitoria-gazteiz,http://www.iahorro.com/oficinas/vitoria-gazteiz/bbva-0709.html,BBVA,0709,"Reyes de Navarra, 33 de Vitoria-gazteiz.",01000
Álava,Vitoria-gazteiz,http://www.iahorro.com/oficinas/vitoria-gazteiz/bbva-0710.html,BBVA,0710,"Heraclio Fournier, 1 de Vitoria-gazteiz.",01000
Álava,Vitoria-gazteiz,http://www.iahorro.com/oficinas/vitoria-gazteiz/bbva-1383.html,BBVA,1383,"Abendaño, 25 de Vitoria-gazteiz.",01000
Álava,Vitoria-gazteiz,http://www.iahorro.com/oficinas/vitoria-gazteiz/bbva-1629.html,BBVA,1629,"Avenida de Gazteiz, 44 de Vitoria-gazteiz.",01000
Álava,Vitoria-gazteiz,http://www.iahorro.com/oficinas/vitoria-gazteiz/bbva-1631.html,BBVA,1631,"Domingo Beltran, 39 de Vitoria-gazteiz.",01000
Álava,Vitoria-gazteiz,http://www.iahorro.com/oficinas/vitoria-gazteiz/bbva-2349.html,BBVA,2349,"Dato, 12-semisotano de Vitoria-gazteiz.",01000
Álava,Vitoria-gazteiz,http://www.iahorro.com/oficinas/vitoria-gazteiz/bbva-4933.html,BBVA,4933,"Prado, 5 de Vitoria-gazteiz.",01000
Álava,Vitoria-gazteiz,http://www.iahorro.com/oficinas/vitoria-gazteiz/bbva-5672.html,BBVA,5672,"Eduardo Dato, 12 Pl. 1. de Vitoria-gazteiz.",01000
Álava,Vitoria-gazteiz,http://www.iahorro.com/oficinas/vitoria-gazteiz/bbva-5685.html,BBVA,5685,"Eduardo Dato, 12 Semisotano de Vitoria-gazteiz.",01000
Álava,Vitoria-gazteiz,http://www.iahorro.com/oficinas/vitoria-gazteiz/bbva-6749.html,BBVA,6749,"Portal de Foronda, 20 de Vitoria-gazteiz.",01000
Álava,Vitoria-gazteiz,http://www.iahorro.com/oficinas/vitoria-gazteiz/bbva-6800.html,BBVA,6800,"Dato, 12 de Vitoria-gazteiz.",01000
Álava,Vitoria-gazteiz,http://www.iahorro.com/oficinas/vitoria-gazteiz/bbva-6801.html,BBVA,6801,"Plaza de Bilbao, 5 de Vitoria-gazteiz.",01000
Álava,Vitoria-gazteiz,http://www.iahorro.com/oficinas/vitoria-gazteiz/bbva-6806.html,BBVA,6806,"Plaza Gregorio Altube, 5 de Vitoria-gazteiz.",01000
Álava,Vitoria-gazteiz,http://www.iahorro.com/oficinas/vitoria-gazteiz/bbva-6807.html,BBVA,6807,"Avenida Judizmendi, 22 de Vitoria-gazteiz.",01000
Álava,Vitoria-gazteiz,http://www.iahorro.com/oficinas/vitoria-gazteiz/bbva-6808.html,BBVA,6808,"Jose Miguel Barandiaran, 6 de Vitoria-gazteiz.",01000
Álava,Vitoria-gazteiz,http://www.iahorro.com/oficinas/vitoria-gazteiz/bbva-6809.html,BBVA,6809,"Blas de Otero, 1-3 de Vitoria-gazteiz.",01000
Álava,Vitoria-gazteiz,http://www.iahorro.com/oficinas/vitoria-gazteiz/bbva-6873.html,BBVA,6873,"Avenida Zabalgana, 26 de Vitoria-gazteiz.",01000
Álava,Vitoria-gazteiz,http://www.iahorro.com/oficinas/vitoria-gazteiz/bankinter-0320.html,Bankinter,0320,"Postas,37-39 de Vitoria-gazteiz.",01000
Álava,Vitoria-gazteiz,http://www.iahorro.com/oficinas/vitoria-gazteiz/bbva-5534.html,BBVA,5534,"Avenida de Gazteiz, 74 de Vitoria-gazteiz.",01000
Álava,Vitoria-gazteiz,http://www.iahorro.com/oficinas/vitoria-gazteiz/deutsche-bank-0601.html,Deutsche Bank,0601,"General Alava, 16 de Vitoria-gazteiz.",01000
Álava,Vitoria-gazteiz,http://www.iahorro.com/oficinas/vitoria-gazteiz/banesto-1591.html,Banesto,1591,Eduardo Dato 43 Bajo de Vitoria-gazteiz.,01000
Álava,Vitoria-gazteiz,http://www.iahorro.com/oficinas/vitoria-gazteiz/banesto-1927.html,Banesto,1927,General Alava 10 de Vitoria-gazteiz.,01000
Álava,Vitoria-gazteiz,http://www.iahorro.com/oficinas/vitoria-gazteiz/banesto-1936.html,Banesto,1936,Postas 22 de Vitoria-gazteiz.,01000
Álava,Vitoria-gazteiz,http://www.iahorro.com/oficinas/vitoria-gazteiz/banesto-3441.html,Banesto,3441,Postas 22 3. Planta de Vitoria-gazteiz.,01000
Álava,Vitoria-gazteiz,http://www.iahorro.com/oficinas/vitoria-gazteiz/banesto-3452.html,Banesto,3452,Canciller Ayala 9 de Vitoria-gazteiz.,01000
Álava,Vitoria-gazteiz,http://www.iahorro.com/oficinas/vitoria-gazteiz/banesto-3458.html,Banesto,3458,Domingo Beltran 50 de Vitoria-gazteiz.,01000
Álava,Vitoria-gazteiz,http://www.iahorro.com/oficinas/vitoria-gazteiz/banesto-3460.html,Banesto,3460,Francia 25 de Vitoria-gazteiz.,01000
Álava,Vitoria-gazteiz,http://www.iahorro.com/oficinas/vitoria-gazteiz/banesto-3462.html,Banesto,3462,Adriano Vi 13 de Vitoria-gazteiz.,01000
Álava,Vitoria-gazteiz,http://www.iahorro.com/oficinas/vitoria-gazteiz/banesto-3464.html,Banesto,3464,Portal de Castilla 56 de Vitoria-gazteiz.,01000
Álava,Vitoria-gazteiz,http://www.iahorro.com/oficinas/vitoria-gazteiz/banesto-3467.html,Banesto,3467,Avenida Gasteiz 66 de Vitoria-gazteiz.,01000
Álava,Vitoria-gazteiz,http://www.iahorro.com/oficinas/vitoria-gazteiz/banesto-3482.html,Banesto,3482,Postas 22 de Vitoria-gazteiz.,01000
Álava,Vitoria-gazteiz,http://www.iahorro.com/oficinas/vitoria-gazteiz/banesto-3490.html,Banesto,3490,Postas 22 de Vitoria-gazteiz.,01000
Álava,Vitoria-gazteiz,http://www.iahorro.com/oficinas/vitoria-gazteiz/banesto-3496.html,Banesto,3496,Postas 22 3.planta de Vitoria-gazteiz.,01000
Álava,Vitoria-gazteiz,http://www.iahorro.com/oficinas/vitoria-gazteiz/banesto-5305.html,Banesto,5305,Postas 22 de Vitoria-gazteiz.,01000
Álava,Vitoria-gazteiz,http://www.iahorro.com/oficinas/vitoria-gazteiz/banesto-6736.html,Banesto,6736,General Alava 10 Piso 5 Local 09 de Vitoria-gazteiz.,01000
Álava,Vitoria-gazteiz,http://www.iahorro.com/oficinas/vitoria-gazteiz/banesto-8860.html,Banesto,8860,Postas 22 de Vitoria-gazteiz.,01000
Álava,Vitoria-gazteiz,http://www.iahorro.com/oficinas/vitoria-gazteiz/banesto-8863.html,Banesto,8863,Postas 22 de Vitoria-gazteiz.,01000
Álava,Vitoria-gazteiz,http://www.iahorro.com/oficinas/vitoria-gazteiz/banesto-8870.html,Banesto,8870,Postas 22 de Vitoria-gazteiz.,01000
Álava,Vitoria-gazteiz,http://www.iahorro.com/oficinas/vitoria-gazteiz/banesto-8872.html,Banesto,8872,Postas 22 de Vitoria-gazteiz.,01000
Álava,Vitoria-gazteiz,http://www.iahorro.com/oficinas/vitoria-gazteiz/banesto-8875.html,Banesto,8875,Postas 22 de Vitoria-gazteiz.,01000
Álava,Vitoria-gazteiz,http://www.iahorro.com/oficinas/vitoria-gazteiz/banesto-8876.html,Banesto,8876,Dato 6-1. de Vitoria-gazteiz.,01000
Álava,Vitoria-gazteiz,http://www.iahorro.com/oficinas/vitoria-gazteiz/banesto-8877.html,Banesto,8877,Postas 22 de Vitoria-gazteiz.,01000
Álava,Vitoria-gazteiz,http://www.iahorro.com/oficinas/vitoria-gazteiz/banesto-8878.html,Banesto,8878,Dato 6 -1 de Vitoria-gazteiz.,01000
Álava,Vitoria-gazteiz,http://www.iahorro.com/oficinas/vitoria-gazteiz/banesto-8889.html,Banesto,8889,Eduardo Dato 6 -ia de Vitoria-gazteiz.,01000
Álava,Vitoria-gazteiz,http://www.iahorro.com/oficinas/vitoria-gazteiz/banesto-8929.html,Banesto,8929,Postas 22 2. de Vitoria-gazteiz.,01000
Álava,Vitoria-gazteiz,http://www.iahorro.com/oficinas/vitoria-gazteiz/banesto-8937.html,Banesto,8937,Eduardo Dato 6 de Vitoria-gazteiz.,01000
Álava,Vitoria-gazteiz,http://www.iahorro.com/oficinas/vitoria-gazteiz/banesto-8990.html,Banesto,8990,Postas 22 de Vitoria-gazteiz.,01000
Álava,Vitoria-gazteiz,http://www.iahorro.com/oficinas/vitoria-gazteiz/banesto-8997.html,Banesto,8997,Dato 6 1. de Vitoria-gazteiz.,01000
Álava,Vitoria-gazteiz,http://www.iahorro.com/oficinas/vitoria-gazteiz/banesto-9500.html,Banesto,9500,Postas 22 de Vitoria-gazteiz.,01000
Álava,Vitoria-gazteiz,http://www.iahorro.com/oficinas/vitoria-gazteiz/banesto-9509.html,Banesto,9509,Postas 22 -3a de Vitoria-gazteiz.,01000
Álava,Territorial,http://www.iahorro.com/oficinas/territorial/banesto-9510.html,Banesto,9510,Postas 22 de Territorial.,01000
Álava,Vitoria-gazteiz,http://www.iahorro.com/oficinas/vitoria-gazteiz/banesto-9511.html,Banesto,9511,Postas 22 de Vitoria-gazteiz.,01000
Álava,Vitoria-gazteiz,http://www.iahorro.com/oficinas/vitoria-gazteiz/banesto-9512.html,Banesto,9512,Eduardo Dato 6 -1a de Vitoria-gazteiz.,01000
Álava,Vitoria-gazteiz,http://www.iahorro.com/oficinas/vitoria-gazteiz/banesto-9513.html,Banesto,9513,General Alava 10 Piso 5 Local 09 de Vitoria-gazteiz.,01000
Álava,Vitoria-gazteiz,http://www.iahorro.com/oficinas/vitoria-gazteiz/banesto-9514.html,Banesto,9514,Postas 22 de Vitoria-gazteiz.,01000
Álava,Territorial,http://www.iahorro.com/oficinas/territorial/banesto-9515.html,Banesto,9515,Postas 22 de Territorial.,01000
Álava,Territorial,http://www.iahorro.com/oficinas/territorial/banesto-9516.html,Banesto,9516,Postas 22 de Territorial.,01000
Álava,Vitoria-gazteiz,http://www.iahorro.com/oficinas/vitoria-gazteiz/banesto-9521.html,Banesto,9521,Postas 22 de Vitoria-gazteiz.,01000
Álava,Vitoria-gazteiz,http://www.iahorro.com/oficinas/vitoria-gazteiz/banesto-9526.html,Banesto,9526,Postas 22 de Vitoria-gazteiz.,01000
Álava,Vitoria-gazteiz,http://www.iahorro.com/oficinas/vitoria-gazteiz/caja-madrid-2012.html,Caja Madrid,2012,"General Alava, 15 de Vitoria-gazteiz.",01000
Álava,Vitoria-gazteiz,http://www.iahorro.com/oficinas/vitoria-gazteiz/caja-madrid-4200.html,Caja Madrid,4200,"General Alava, 15 de Vitoria-gazteiz.",01000
Álava,Vitoria-gazteiz,http://www.iahorro.com/oficinas/vitoria-gazteiz/caja-madrid-4204.html,Caja Madrid,4204,"Avenida de Gasteiz, 67 de Vitoria-gazteiz.",01000
Álava,Vitoria-gazteiz,http://www.iahorro.com/oficinas/vitoria-gazteiz/caja-madrid-4208.html,Caja Madrid,4208,"Heraclio Fournier,11,c/v Castro Urdiales de Vitoria-gazteiz.",01000
Álava,Vitoria-gazteiz,http://www.iahorro.com/oficinas/vitoria-gazteiz/caja-madrid-4221.html,Caja Madrid,4221,"Aranzabal, 8 de Vitoria-gazteiz.",01000
Álava,Vitoria-gazteiz,http://www.iahorro.com/oficinas/vitoria-gazteiz/caja-madrid-4225.html,Caja Madrid,4225,"Portal de Villareal, 28-30 de Vitoria-gazteiz.",01000
Álava,Vitoria-gazteiz,http://www.iahorro.com/oficinas/vitoria-gazteiz/caja-madrid-4229.html,Caja Madrid,4229,"Avenida Derechos Humanos, 13-15 de Vitoria-gazteiz.",01000
Álava,Vitoria-gazteiz,http://www.iahorro.com/oficinas/vitoria-gazteiz/banco-popular-0353.html,Banco Popular,0353,"Postas Kalea, 28 de Vitoria-gazteiz.",01001
Álava,Vitoria-gazteiz,http://www.iahorro.com/oficinas/vitoria-gazteiz/banco-popular-1126.html,Banco Popular,1126,"Avenida Gasteiz, 72 de Vitoria-gazteiz.",01000
Álava,Vitoria-gazteiz,http://www.iahorro.com/oficinas/vitoria-gazteiz/banco-popular-1176.html,Banco Popular,1176,"Portal de Villarreal, 15 de Vitoria-gazteiz.",01000
Álava,Vitoria-gazteiz,http://www.iahorro.com/oficinas/vitoria-gazteiz/banco-popular-1236.html,Banco Popular,1236,"Avenida de Santiago, 19 de Vitoria-gazteiz.",01000
Álava,Vitoria-gazteiz,http://www.iahorro.com/oficinas/vitoria-gazteiz/banco-popular-1475.html,Banco Popular,1475,"Lermandabide, 8 - 1. Dep 1.2 Pol. Jundiz de Vitoria-gazteiz.",01000
Álava,Vitoria-gazteiz,http://www.iahorro.com/oficinas/vitoria-gazteiz/banco-cam-5260.html,Banco CAM,5260,"Avenida Independencia, 24 de Vitoria-gazteiz.",01000
Álava,Vitoria-gazteiz,http://www.iahorro.com/oficinas/vitoria-gazteiz/catalunya-caixa-1577.html,Catalunya Caixa,1577,"San Prudencio, 34 de Vitoria-gazteiz.",01000
Álava,Vitoria-gazteiz,http://www.iahorro.com/oficinas/vitoria-gazteiz/catalunya-caixa-1777.html,Catalunya Caixa,1777,"Avenida Gasteiz, 35 de Vitoria-gazteiz.",01000
Álava,Vitoria-gazteiz,http://www.iahorro.com/oficinas/vitoria-gazteiz/bancaja-1076.html,Bancaja,1076,"Fueros, 13 de Vitoria-gazteiz.",01000
Álava,Vitoria-gazteiz,http://www.iahorro.com/oficinas/vitoria-gazteiz/banco-sabadell-5196.html,Banco Sabadell,5196,Eduardo Dato 000045 de Vitoria-gazteiz.,01000
Álava,Vitoria-gazteiz,http://www.iahorro.com/oficinas/vitoria-gazteiz/banco-sabadell-5565.html,Banco Sabadell,5565,Postas 000007 de Vitoria-gazteiz.,01000
Álava,Vitoria-gazteiz,http://www.iahorro.com/oficinas/vitoria-gazteiz/banco-sabadell-7316.html,Banco Sabadell,7316,"Postas, 7 de Vitoria-gazteiz.",01000
Álava,Vitoria-gazteiz,http://www.iahorro.com/oficinas/vitoria-gazteiz/banco-sabadell-7531.html,Banco Sabadell,7531,Avenida Gasteiz 000057 de Vitoria-gazteiz.,01000
Álava,Vitoria-gazteiz,http://www.iahorro.com/oficinas/vitoria-gazteiz/banco-sabadell-7532.html,Banco Sabadell,7532,"Salvatierrabide, 28 de Vitoria-gazteiz.",01000
Álava,Vitoria-gazteiz,http://www.iahorro.com/oficinas/vitoria-gazteiz/ibercaja-9864.html,Ibercaja,9864,"Fueros, 12 de Vitoria-gazteiz.",01000
Álava,Vitoria-gazteiz,http://www.iahorro.com/oficinas/vitoria-gazteiz/barclays-0016.html,Barclays,0016,Postas 18 de Vitoria-gazteiz.,01000
Álava,Vitoria-gazteiz,http://www.iahorro.com/oficinas/vitoria-gazteiz/barclays-0110.html,Barclays,0110,"Postas, 18 de Vitoria-gazteiz.",01000
Álava,Vitoria-gazteiz,http://www.iahorro.com/oficinas/vitoria-gazteiz/barclays-0632.html,Barclays,0632,"Postas, 18 de Vitoria-gazteiz.",01000
Álava,Vitoria-gazteiz,http://www.iahorro.com/oficinas/vitoria-gazteiz/barclays-1542.html,Barclays,1542,Avenida Gasteiz 50 de Vitoria-gazteiz.,01000
Álava,Vitoria-gazteiz,http://www.iahorro.com/oficinas/vitoria-gazteiz/abanca-0637.html,ABanca,0637,"Fueros, 14 de Vitoria-gazteiz.",01000
Álava,Vitoria-gazteiz,http://www.iahorro.com/oficinas/vitoria-gazteiz/abanca-0817.html,ABanca,0817,"Ortiz de Zarate, 8 Bajo de Vitoria-gazteiz.",01000
Álava,Vitoria-gazteiz,http://www.iahorro.com/oficinas/vitoria-gazteiz/abanca-1154.html,ABanca,1154,"Reyes Catolicos, 26 de Vitoria-gazteiz.",01000
Álava,Vitoria-gazteiz,http://www.iahorro.com/oficinas/vitoria-gazteiz/caja-espana-duero-3222.html,Caja España-Duero,3222,"La Florida, 17 de Vitoria-gazteiz.",01000
Álava,Vitoria-gazteiz,http://www.iahorro.com/oficinas/vitoria-gazteiz/oficina-directa-0493.html,Oficina Directa,0493,"Portal de Legutiano, 37-39 de Vitoria-gazteiz.",01000
Álava,Vitoria-gazteiz,http://www.iahorro.com/oficinas/vitoria-gazteiz/oficina-directa-0681.html,Oficina Directa,0681,"General Alava, 21 de Vitoria-gazteiz.",01000
Álava,Vitoria-gazteiz,http://www.iahorro.com/oficinas/vitoria-gazteiz/oficina-directa-1681.html,Oficina Directa,1681,"General Alava, 21 de Vitoria-gazteiz.",01000
Álava,Vitoria-gazteiz,http://www.iahorro.com/oficinas/vitoria-gazteiz/banco-gallego-2220.html,Banco Gallego,2220,"Postas, N. 37 de Vitoria-gazteiz.",01000
Álava,Vitoria-gazteiz,http://www.iahorro.com/oficinas/vitoria-gazteiz/caja-circulo-0323.html,Caja Círculo,0323,"Avenida Gasteiz, 60 de Vitoria-gazteiz.",01000
Álava,Vitoria-gazteiz,http://www.iahorro.com/oficinas/vitoria-gazteiz/banco-caixa-geral-0065.html,Banco Caixa Geral,0065,"Independencia, 2 de Vitoria-gazteiz.",01000
Álava,Burgos,http://www.iahorro.com/oficinas/burgos/banco-caixa-geral-0150.html,Banco Caixa Geral,0150,"Independencia, 2 de Burgos.",01000
Álava,Vitoria-gazteiz,http://www.iahorro.com/oficinas/vitoria-gazteiz/caja-vital-0103.html,Caja Vital,0103,"Paseo de la Biosfera, 6 de Vitoria-gazteiz.",01000
Álava,Batan,http://www.iahorro.com/oficinas/batan/caja-vital-0111.html,Caja Vital,0111,"Salvatierrabide, 16 de Batan.",01000
Álava,Vitoria-gazteiz,http://www.iahorro.com/oficinas/vitoria-gazteiz/caja-vital-0112.html,Caja Vital,0112,"Portal de Legutiano, 28-30 de Vitoria-gazteiz.",01000
Álava,Siervas,http://www.iahorro.com/oficinas/siervas/caja-vital-0113.html,Caja Vital,0113,"Siervas de Jesus, 27 de Siervas.",01000
Álava,Samaniego,http://www.iahorro.com/oficinas/samaniego/caja-vital-0114.html,Caja Vital,0114,"Ramiro Maeztu, 14 de Samaniego.",01000
Álava,Panticosa,http://www.iahorro.com/oficinas/panticosa/caja-vital-0115.html,Caja Vital,0115,"Postas, 51 de Panticosa.",01000
Álava,Heraclio,http://www.iahorro.com/oficinas/heraclio/caja-vital-0116.html,Caja Vital,0116,"Heraclio Fournier, 9 de Heraclio.",01000
Álava,Abechuco,http://www.iahorro.com/oficinas/abechuco/caja-vital-0117.html,Caja Vital,0117,"Cristo, 6 de Abechuco.",01000
Álava,Vitoria-gazteiz,http://www.iahorro.com/oficinas/vitoria-gazteiz/caja-vital-0119.html,Caja Vital,0119,"Plaza Andagoya, 2 de Vitoria-gazteiz.",01000
Álava,Vitoria-gazteiz,http://www.iahorro.com/oficinas/vitoria-gazteiz/caja-vital-0120.html,Caja Vital,0120,"Zaramaga, S/n de Vitoria-gazteiz.",01000
Álava,Vitoria-gazteiz,http://www.iahorro.com/oficinas/vitoria-gazteiz/caja-vital-0121.html,Caja Vital,0121,"Avenida de Los Huetos, S/n de Vitoria-gazteiz.",01000
Álava,Vitoria-gazteiz,http://www.iahorro.com/oficinas/vitoria-gazteiz/caja-vital-0122.html,Caja Vital,0122,"Avenida Gasteiz, 72 de Vitoria-gazteiz.",01000
Álava,Gazalbide,http://www.iahorro.com/oficinas/gazalbide/caja-vital-0125.html,Caja Vital,0125,Centro Comercial Gazalbide de Gazalbide.,01000
Álava,Vitoria-gazteiz,http://www.iahorro.com/oficinas/vitoria-gazteiz/caja-vital-0126.html,Caja Vital,0126,"Los Herran, 80 de Vitoria-gazteiz.",01000
Álava,Sansomendi,http://www.iahorro.com/oficinas/sansomendi/caja-vital-0129.html,Caja Vital,0129,"V. de Foronda, 3-5 de Sansomendi.",01000
Álava,Vitoria-gazteiz,http://www.iahorro.com/oficinas/vitoria-gazteiz/caja-vital-0132.html,Caja Vital,0132,"Francia, 16 de Vitoria-gazteiz.",01000
Álava,Trianas,http://www.iahorro.com/oficinas/trianas/caja-vital-0135.html,Caja Vital,0135,"Federico Baraibar, 3 de Trianas.",01000
Álava,Vitoria-gazteiz,http://www.iahorro.com/oficinas/vitoria-gazteiz/caja-vital-0136.html,Caja Vital,0136,Mercado Plaza de Abastos de Vitoria-gazteiz.,01000
Álava,Vitoria-gazteiz,http://www.iahorro.com/oficinas/vitoria-gazteiz/caja-vital-0138.html,Caja Vital,0138,"Pintor Diaz de Olano, 24 de Vitoria-gazteiz.",01000
Álava,Vitoria-gazteiz,http://www.iahorro.com/oficinas/vitoria-gazteiz/caja-vital-0139.html,Caja Vital,0139,"Portal de Arriaga, 28 de Vitoria-gazteiz.",01000
Álava,Vitoria-gazteiz,http://www.iahorro.com/oficinas/vitoria-gazteiz/caja-vital-0140.html,Caja Vital,0140,"Postas, 12-14 de Vitoria-gazteiz.",01000
Álava,Aranzabal,http://www.iahorro.com/oficinas/aranzabal/caja-vital-0141.html,Caja Vital,0141,"Avenida Gasteiz, 20 de Aranzabal.",01000
Álava,Ariznavarra,http://www.iahorro.com/oficinas/ariznavarra/caja-vital-0143.html,Caja Vital,0143,"Castillo de Fontecha, 15 de Ariznavarra.",01000
Álava,Lakua,http://www.iahorro.com/oficinas/lakua/caja-vital-0144.html,Caja Vital,0144,"Pamplona, 1 de Lakua.",01000
